core_family,baseline_hits,baseline_rate,trait,value,trait_hits,trait_total,lift,baseline_rate_per_100k
012,110,0.0013755330190448798,seed_even_count,3,18,20021,0.6536055323728268,137.55330190448797
012,110,0.0013755330190448798,seed_sum_range4_worst,17-20,20,21122,0.6883731740279416,137.55330190448797
012,110,0.0013755330190448798,seed_structure,AAAB,3,2934,0.7433444878230155,137.55330190448797
012,110,0.0013755330190448798,seed_last_in_core,yes,27,24054,0.8160287081339714,137.55330190448797
012,110,0.0013755330190448798,seed_sum_mod2,odd,46,40018,0.8356634968809491,137.55330190448797
012,110,0.0013755330190448798,seed_high_count,1,23,19875,0.8412976558033163,137.55330190448797
012,110,0.0013755330190448798,seed_structure,ABCD,50,40580,0.89575025762803,137.55330190448797
012,110,0.0013755330190448798,seed_high_count,3,25,19954,0.910833553536771,137.55330190448797
012,110,0.0013755330190448798,seed_high_count,2,38,30237,0.91363741592931,137.55330190448797
012,110,0.0013755330190448798,seed_sum_mod3,2,34,26879,0.9195911644440237,137.55330190448797
013,120,0.0015005814753216871,seed_high_count,0,5,4985,0.6684135740554998,150.0581475321687
013,120,0.0015005814753216871,seed_even_count,4,5,4945,0.6738203572632289,150.0581475321687
013,120,0.0015005814753216871,seed_high_count,3,21,19954,0.7013418362233137,150.0581475321687
013,120,0.0015005814753216871,seed_sum_range4_worst,11-14,16,14148,0.7536424465177646,150.0581475321687
013,120,0.0015005814753216871,seed_even_count,1,23,19997,0.7664845560167358,150.0581475321687
013,120,0.0015005814753216871,seed_spread,<=2,5,4317,0.7718419427071269,150.0581475321687
013,120,0.0015005814753216871,overlap_unique,3,2,1676,0.7952366746221162,150.0581475321687
013,120,0.0015005814753216871,seed_sum_mod3,2,35,26879,0.8677514664484045,150.0581475321687
013,120,0.0015005814753216871,seed_sum_mod2,odd,53,40018,0.8825938744231763,150.0581475321687
013,120,0.0015005814753216871,seed_sum_mod3,1,36,26722,0.897788339196168,150.0581475321687
016,120,0.0015005814753216871,seed_structure,AAAB,1,2934,0.2271330379459214,150.0581475321687
016,120,0.0015005814753216871,seed_sum_range4_worst,9-12,10,9962,0.6689503446429768,150.0581475321687
016,120,0.0015005814753216871,seed_even_count,1,22,19997,0.7331591405377474,150.0581475321687
016,120,0.0015005814753216871,overlap_unique,3,2,1712,0.7785144080996884,150.0581475321687
016,120,0.0015005814753216871,seed_sum_mod2,odd,48,40018,0.799330301364386,150.0581475321687
016,120,0.0015005814753216871,seed_even_count,0,6,4934,0.8103871098500204,150.0581475321687
016,120,0.0015005814753216871,seed_high_count,4,6,4918,0.8130235868239121,150.0581475321687
016,120,0.0015005814753216871,seed_even_count,3,26,20021,0.8654221400862427,150.0581475321687
016,120,0.0015005814753216871,seed_spread,3-5,36,27370,0.8765327000365363,150.0581475321687
016,120,0.0015005814753216871,seed_high_count,2,41,30237,0.903619461807278,150.0581475321687
017,109,0.001363028173417199,seed_high_count,0,3,4985,0.4415208929540917,136.3028173417199
017,109,0.001363028173417199,seed_structure,AABB,2,2148,0.6831103821775751,136.3028173417199
017,109,0.001363028173417199,seed_sum_mod3,0,25,26368,0.6955974575799413,136.3028173417199
017,109,0.001363028173417199,seed_sum_range4_worst,24-27,10,10139,0.7236024760417356,136.3028173417199
017,109,0.001363028173417199,seed_high_count,4,5,4918,0.7458931989210204,136.3028173417199
017,109,0.001363028173417199,seed_high_count,1,23,19875,0.8490159829207778,136.3028173417199
017,109,0.001363028173417199,seed_spread,<=2,5,4317,0.8497342488518829,136.3028173417199
017,109,0.001363028173417199,seed_last_in_core,yes,28,24159,0.8503040445732041,136.3028173417199
017,109,0.001363028173417199,overlap_unique,0,23,19212,0.8783152540365636,136.3028173417199
017,109,0.001363028173417199,seed_even_count,3,24,20021,0.8794692178716934,136.3028173417199
018,113,0.0014130475559279221,seed_structure,AABB,2,2148,0.6589294836934131,141.30475559279222
018,113,0.0014130475559279221,seed_sum_range4_worst,24-27,10,10139,0.6979882291022049,141.30475559279222
018,113,0.0014130475559279221,seed_even_count,0,5,4934,0.7171567343805488,141.30475559279222
018,113,0.0014130475559279221,seed_spread,3-5,29,27370,0.7498362330696033,141.30475559279222
018,113,0.0014130475559279221,seed_even_count,2,33,30072,0.7765954629243796,141.30475559279222
018,113,0.0014130475559279221,overlap_unique,3,2,1752,0.8078655998706913,141.30475559279222
018,113,0.0014130475559279221,seed_contains_core_pair,no,71,59656,0.842262452218679,141.30475559279222
018,113,0.0014130475559279221,seed_high_count,3,24,19954,0.851186046491,141.30475559279222
018,113,0.0014130475559279221,seed_sum_mod2,even,50,39951,0.8856978116777122,141.30475559279222
018,113,0.0014130475559279221,seed_sum_mod3,1,34,26722,0.9004366823796374,141.30475559279222
019,130,0.0016256299315984945,seed_structure,AABB,0,2148,0.0,162.56299315984944
019,130,0.0016256299315984945,overlap_unique,3,1,1638,0.37554710247017936,162.56299315984944
019,130,0.0016256299315984945,seed_spread,<=2,4,4317,0.5699755884606474,162.56299315984944
019,130,0.0016256299315984945,seed_sum_range4_worst,7-10,6,6373,0.5791427778247172,162.56299315984944
019,130,0.0016256299315984945,seed_high_count,0,5,4985,0.6169971452819998,162.56299315984944
019,130,0.0016256299315984945,seed_structure,AAAB,3,2934,0.6289837973887054,162.56299315984944
019,130,0.0016256299315984945,seed_high_count,1,24,19875,0.7428179970972424,162.56299315984944
019,130,0.0016256299315984945,seed_even_count,4,6,4945,0.7463856265069612,162.56299315984944
019,130,0.0016256299315984945,seed_sum_mod3,1,35,26722,0.8057074838939968,162.56299315984944
019,130,0.0016256299315984945,seed_last_in_core,yes,32,24117,0.8162158196739613,162.56299315984944
023,111,0.0013880378646725607,seed_even_count,0,4,4934,0.5840627818738884,138.80378646725606
023,111,0.0013880378646725607,seed_sum_range4_worst,16-19,19,21207,0.6454655249392836,138.80378646725606
023,111,0.0013880378646725607,seed_high_count,3,19,19954,0.6859971628439103,138.80378646725606
023,111,0.0013880378646725607,seed_high_count,0,5,4985,0.722609269249189,138.80378646725606
023,111,0.0013880378646725607,seed_structure,AABC,38,34212,0.8002097151518407,138.80378646725606
023,111,0.0013880378646725607,overlap_unique,0,23,19178,0.8640188316379784,138.80378646725606
023,111,0.0013880378646725607,seed_even_count,4,6,4945,0.874145328341486,138.80378646725606
023,111,0.0013880378646725607,seed_high_count,4,6,4918,0.878944418188013,138.80378646725606
023,111,0.0013880378646725607,seed_sum_mod3,1,33,26722,0.8897001559601664,138.80378646725606
023,111,0.0013880378646725607,seed_contains_core_pair,no,76,59771,0.916055437411948,138.80378646725606
024,103,0.0012879990996511148,seed_structure,AABB,1,2148,0.36145160998716347,128.79990996511148
024,103,0.0012879990996511148,seed_even_count,4,3,4945,0.4710200555626454,128.79990996511148
024,103,0.0012879990996511148,seed_sum_range4_worst,25-28,7,8067,0.6737060131110686,128.79990996511148
024,103,0.0012879990996511148,seed_high_count,1,19,19875,0.7422170116626977,128.79990996511148
024,103,0.0012879990996511148,seed_first_in_core,yes,24,23880,0.7802995560325903,128.79990996511148
024,103,0.0012879990996511148,seed_sum_mod3,2,30,26879,0.8665479276599879,128.79990996511148
024,103,0.0012879990996511148,overlap_unique,>=2,23,19976,0.8939304835705759,128.79990996511148
024,103,0.0012879990996511148,seed_contains_core_pair,yes,23,19976,0.8939304835705759,128.79990996511148
024,103,0.0012879990996511148,overlap_unique,0,23,19122,0.9338539556430199,128.79990996511148
024,103,0.0012879990996511148,seed_high_count,4,6,4918,0.9472119458142666,128.79990996511148
025,127,0.0015881153947154521,seed_structure,AAAB,1,2934,0.21461389412213047,158.81153947154522
025,127,0.0015881153947154521,seed_even_count,0,3,4934,0.38286005189764744,158.81153947154522
025,127,0.0015881153947154521,seed_sum_range4_worst,22-25,16,14345,0.7023237815036104,158.81153947154522
025,127,0.0015881153947154521,seed_high_count,3,24,19954,0.7573545138069528,158.81153947154522
025,127,0.0015881153947154521,overlap_unique,>=2,28,20246,0.8708367395989954,158.81153947154522
025,127,0.0015881153947154521,seed_contains_core_pair,yes,28,20246,0.8708367395989954,158.81153947154522
025,127,0.0015881153947154521,seed_even_count,4,7,4945,0.8913529135450587,158.81153947154522
025,127,0.0015881153947154521,seed_spread,>=6,70,48282,0.9129158190382162,158.81153947154522
025,127,0.0015881153947154521,seed_sum_mod2,even,59,39951,0.9299129622764265,158.81153947154522
025,127,0.0015881153947154521,seed_structure,ABCD,60,40580,0.9310160158023618,158.81153947154522
027,119,0.0014880766296940064,seed_high_count,3,20,19954,0.6735575858087046,148.80766296940064
027,119,0.0014880766296940064,seed_high_count,0,5,4985,0.6740304948458822,148.80766296940064
027,119,0.0014880766296940064,seed_even_count,4,5,4945,0.6794827132066174,148.80766296940064
027,119,0.0014880766296940064,seed_sum_range4_worst,26-29,7,6262,0.7512070941439495,148.80766296940064
027,119,0.0014880766296940064,seed_last_in_core,yes,28,24076,0.7815349432678871,148.80766296940064
027,119,0.0014880766296940064,seed_first_in_core,yes,28,24044,0.7825750829361856,148.80766296940064
027,119,0.0014880766296940064,overlap_unique,>=2,24,20158,0.8000893779478255,148.80766296940064
027,119,0.0014880766296940064,seed_contains_core_pair,yes,24,20158,0.8000893779478255,148.80766296940064
027,119,0.0014880766296940064,seed_even_count,0,6,4934,0.8171970855630457,148.80766296940064
027,119,0.0014880766296940064,seed_sum_mod2,even,51,39951,0.8578615947392699,148.80766296940064
028,122,0.0015255911665770486,seed_sum_range4_worst,22-25,14,14345,0.6397191001605632,152.55911665770486
028,122,0.0015255911665770486,seed_spread,3-5,32,27370,0.7663673880100864,152.55911665770486
028,122,0.0015255911665770486,seed_high_count,2,37,30237,0.8020932447869481,152.55911665770486
028,122,0.0015255911665770486,seed_even_count,1,25,19997,0.8194774298111931,152.55911665770486
028,122,0.0015255911665770486,seed_even_count,2,39,30072,0.850088476181754,152.55911665770486
028,122,0.0015255911665770486,seed_structure,ABCD,54,40580,0.8722551689033603,152.55911665770486
028,122,0.0015255911665770486,overlap_unique,0,26,19253,0.8851905557830886,152.55911665770486
028,122,0.0015255911665770486,seed_high_count,3,27,19954,0.8869428373784295,152.55911665770486
028,122,0.0015255911665770486,seed_structure,AAAB,4,2934,0.8936381820823137,152.55911665770486
028,122,0.0015255911665770486,seed_contains_core_pair,no,85,59656,0.9339564596583252,152.55911665770486
029,133,0.0016631444684815366,overlap_unique,3,1,1635,0.3677496493527396,166.31444684815366
029,133,0.0016631444684815366,seed_structure,AABB,2,2148,0.5598423432883886,166.31444684815366
029,133,0.0016631444684815366,seed_sum_range4_worst,7-10,6,6373,0.5660794068963402,166.31444684815366
029,133,0.0016631444684815366,seed_high_count,0,6,4985,0.723695899729263,166.31444684815366
029,133,0.0016631444684815366,seed_sum_mod3,0,32,26368,0.7296974231695743,166.31444684815366
029,133,0.0016631444684815366,seed_spread,<=2,6,4317,0.835678494359596,166.31444684815366
029,133,0.0016631444684815366,seed_even_count,3,30,20021,0.9009600070302123,166.31444684815366
029,133,0.0016631444684815366,seed_sum_mod2,odd,60,40018,0.9015003398846458,166.31444684815366
029,133,0.0016631444684815366,seed_even_count,1,30,19997,0.9020413212357793,166.31444684815366
029,133,0.0016631444684815366,overlap_unique,0,29,19238,0.9063753833070043,166.31444684815366
038,126,0.0015756105490877714,seed_structure,AABB,2,2148,0.5909446956932991,157.56105490877715
038,126,0.0015756105490877714,seed_sum_range4_worst,21-24,16,16258,0.6246028817070766,157.56105490877715
038,126,0.0015756105490877714,overlap_unique,>=2,21,20270,0.6575316559776352,157.56105490877715
038,126,0.0015756105490877714,seed_contains_core_pair,yes,21,20270,0.6575316559776352,157.56105490877715
038,126,0.0015756105490877714,seed_sum_mod3,0,31,26368,0.7461662886230543,157.56105490877715
038,126,0.0015756105490877714,overlap_unique,3,2,1679,0.7560150127154297,157.56105490877715
038,126,0.0015756105490877714,seed_high_count,4,6,4918,0.7743081779275354,157.56105490877715
038,126,0.0015756105490877714,seed_structure,ABCD,52,40580,0.8132843608940209,157.56105490877715
038,126,0.0015756105490877714,seed_high_count,2,39,30237,0.8186099654003217,157.56105490877715
038,126,0.0015756105490877714,seed_last_in_core,yes,31,23909,0.8229082227785645,157.56105490877715
046,122,0.0015255911665770486,seed_structure,AABB,1,2148,0.30515996580883475,152.55911665770486
046,122,0.0015255911665770486,overlap_unique,3,1,1556,0.421261957941759,152.55911665770486
046,122,0.0015255911665770486,seed_sum_range4_worst,7-10,5,6373,0.5142661278498172,152.55911665770486
046,122,0.0015255911665770486,seed_even_count,0,5,4934,0.6642517293852624,152.55911665770486
046,122,0.0015255911665770486,seed_sum_mod3,1,31,26722,0.7604218173519455,152.55911665770486
046,122,0.0015255911665770486,seed_last_in_core,yes,29,24041,0.7906919258834464,152.55911665770486
046,122,0.0015255911665770486,seed_even_count,1,26,19997,0.8522565270036406,152.55911665770486
046,122,0.0015255911665770486,seed_first_in_core,yes,31,23759,0.8552545057990104,152.55911665770486
046,122,0.0015255911665770486,seed_high_count,2,40,30237,0.8671278322021061,152.55911665770486
046,122,0.0015255911665770486,seed_structure,AABC,46,34212,0.8813353765240075,152.55911665770486
048,109,0.001363028173417199,overlap_unique,3,1,1647,0.4454526718024989,136.3028173417199
048,109,0.001363028173417199,seed_high_count,0,4,4985,0.5886945239387888,136.3028173417199
048,109,0.001363028173417199,seed_sum_mod3,1,28,26722,0.7687484249997769,136.3028173417199
048,109,0.001363028173417199,seed_sum_range4_worst,18-21,22,20331,0.7938877630264987,136.3028173417199
048,109,0.001363028173417199,seed_even_count,2,34,30072,0.829491178358484,136.3028173417199
048,109,0.001363028173417199,seed_spread,>=6,56,48282,0.8509380478374565,136.3028173417199
048,109,0.001363028173417199,seed_sum_mod2,even,48,39951,0.8814724643192499,136.3028173417199
048,109,0.001363028173417199,seed_high_count,3,24,19954,0.8824222316833303,136.3028173417199
048,109,0.001363028173417199,seed_even_count,4,6,4945,0.8901846921642657,136.3028173417199
048,109,0.001363028173417199,seed_high_count,4,6,4918,0.8950718387052244,136.3028173417199
056,110,0.0013755330190448798,seed_structure,AABB,1,2148,0.3384501438970713,137.55330190448797
056,110,0.0013755330190448798,seed_high_count,0,3,4985,0.43750706665450906,137.55330190448797
056,110,0.0013755330190448798,seed_sum_range4_worst,26-29,5,6262,0.5804782091112338,137.55330190448797
056,110,0.0013755330190448798,seed_even_count,0,4,4934,0.5893724435272875,137.55330190448797
056,110,0.0013755330190448798,seed_high_count,3,18,19954,0.6558001585464751,137.55330190448797
056,110,0.0013755330190448798,seed_last_in_core,yes,24,24159,0.7222062924037345,137.55330190448797
056,110,0.0013755330190448798,seed_even_count,4,5,4945,0.7350767533780679,137.55330190448797
056,110,0.0013755330190448798,seed_structure,AAAB,3,2934,0.7433444878230155,137.55330190448797
056,110,0.0013755330190448798,overlap_unique,0,20,19228,0.7561794352932278,137.55330190448797
056,110,0.0013755330190448798,seed_sum_mod3,0,28,26368,0.7719867056487203,137.55330190448797
059,127,0.0015881153947154521,seed_even_count,4,5,4945,0.6366806525321848,158.81153947154522
059,127,0.0015881153947154521,seed_sum_range4_worst,12-15,20,16056,0.7843512273970239,158.81153947154522
059,127,0.0015881153947154521,seed_sum_mod3,0,35,26368,0.8358123781629846,158.81153947154522
059,127,0.0015881153947154521,seed_structure,AAAB,4,2934,0.8584555764885219,158.81153947154522
059,127,0.0015881153947154521,seed_last_in_core,yes,33,24179,0.859396437267584,158.81153947154522
059,127,0.0015881153947154521,seed_even_count,1,28,19997,0.8816802835385938,158.81153947154522
059,127,0.0015881153947154521,seed_structure,ABCD,58,40580,0.8999821486089499,158.81153947154522
059,127,0.0015881153947154521,overlap_unique,>=2,29,20057,0.9104371439036542,158.81153947154522
059,127,0.0015881153947154521,seed_contains_core_pair,yes,29,20057,0.9104371439036542,158.81153947154522
059,127,0.0015881153947154521,seed_high_count,1,29,19875,0.9187742286931115,158.81153947154522
067,116,0.0014505620928109643,seed_sum_range4_worst,27-30,5,4623,0.7456066742748029,145.05620928109641
067,116,0.0014505620928109643,seed_even_count,1,22,19997,0.7584404902114628,145.05620928109641
067,116,0.0014505620928109643,overlap_unique,>=2,23,19970,0.7939871013416676,145.05620928109641
067,116,0.0014505620928109643,seed_contains_core_pair,yes,23,19970,0.7939871013416676,145.05620928109641
067,116,0.0014505620928109643,seed_even_count,4,6,4945,0.8364666503957323,145.05620928109641
067,116,0.0014505620928109643,seed_high_count,4,6,4918,0.8410588829212884,145.05620928109641
067,116,0.0014505620928109643,seed_sum_mod2,odd,50,40018,0.8613473075047262,145.05620928109641
067,116,0.0014505620928109643,seed_first_in_core,yes,30,23923,0.8645085453761853,145.05620928109641
067,116,0.0014505620928109643,seed_structure,ABCD,53,40580,0.900383448615761,145.05620928109641
067,116,0.0014505620928109643,seed_sum_mod3,1,35,26722,0.9029480422949965,145.05620928109641
068,126,0.0015756105490877714,seed_even_count,0,5,4934,0.6431643728968415,157.56105490877715
068,126,0.0015756105490877714,seed_sum_range4_worst,22-25,17,14345,0.7521413910051066,157.56105490877715
068,126,0.0015756105490877714,seed_even_count,2,39,30072,0.8231015404299523,157.56105490877715
068,126,0.0015756105490877714,seed_high_count,3,26,19954,0.8269790359095762,157.56105490877715
068,126,0.0015756105490877714,seed_sum_mod2,even,54,39951,0.8578615947392699,157.56105490877715
068,126,0.0015756105490877714,seed_structure,AABB,3,2148,0.8864170435399487,157.56105490877715
068,126,0.0015756105490877714,seed_high_count,0,7,4985,0.8912180987406666,157.56105490877715
068,126,0.0015756105490877714,seed_high_count,4,7,4918,0.903359540915458,157.56105490877715
068,126,0.0015756105490877714,overlap_unique,0,28,19196,0.9257599962955246,157.56105490877715
068,126,0.0015756105490877714,seed_sum_mod3,1,40,26722,0.9500405705779555,157.56105490877715
078,97,0.0012129700258850305,seed_even_count,4,3,4945,0.5001553167314688,121.29700258850305
078,97,0.0012129700258850305,seed_sum_range4_worst,13-16,14,17930,0.6437209997642608,121.29700258850305
078,97,0.0012129700258850305,seed_even_count,0,4,4934,0.6683605029690889,121.29700258850305
078,97,0.0012129700258850305,seed_sum_mod3,1,25,26722,0.7712958240516906,121.29700258850305
078,97,0.0012129700258850305,seed_high_count,0,5,4985,0.8269033905841234,121.29700258850305
078,97,0.0012129700258850305,overlap_unique,0,20,19105,0.8630438947002053,121.29700258850305
078,97,0.0012129700258850305,seed_even_count,3,22,20021,0.9059137390276292,121.29700258850305
078,97,0.0012129700258850305,seed_sum_mod2,odd,44,40018,0.9064570427843552,121.29700258850305
078,97,0.0012129700258850305,seed_even_count,1,22,19997,0.9070009986033988,121.29700258850305
078,97,0.0012129700258850305,grid_last5_core_digits,3,61,53259,0.9442494884461713,121.29700258850305
129,113,0.0014130475559279221,seed_structure,AAAB,2,2934,0.4824064522745233,141.30475559279222
129,113,0.0014130475559279221,seed_high_count,0,4,4985,0.5678557797285662,141.30475559279222
129,113,0.0014130475559279221,seed_even_count,4,4,4945,0.5724491530731856,141.30475559279222
129,113,0.0014130475559279221,seed_sum_range4_worst,8-11,7,8071,0.6137816699798141,141.30475559279222
129,113,0.0014130475559279221,seed_structure,AABB,2,2148,0.6589294836934131,141.30475559279222
129,113,0.0014130475559279221,seed_first_in_core,yes,23,24020,0.6776384723644749,141.30475559279222
129,113,0.0014130475559279221,seed_high_count,4,5,4918,0.71948989984417,141.30475559279222
129,113,0.0014130475559279221,seed_even_count,1,25,19997,0.8847455436899606,141.30475559279222
129,113,0.0014130475559279221,seed_high_count,1,25,19875,0.8901764345744976,141.30475559279222
129,113,0.0014130475559279221,overlap_unique,3,2,1588,0.8912975635852968,141.30475559279222
135,111,0.0013880378646725607,seed_spread,<=2,2,4317,0.333769488738217,138.80378646725606
135,111,0.0013880378646725607,seed_structure,AABB,2,2148,0.6708020870032043,138.80378646725606
135,111,0.0013880378646725607,seed_sum_range4_worst,21-24,16,16258,0.7090086765323571,138.80378646725606
135,111,0.0013880378646725607,seed_high_count,3,20,19954,0.7221022766778004,138.80378646725606
135,111,0.0013880378646725607,seed_even_count,1,21,19997,0.756577000063523,138.80378646725606
135,111,0.0013880378646725607,seed_last_in_core,yes,26,23987,0.7809012163871045,138.80378646725606
135,111,0.0013880378646725607,seed_sum_mod3,1,31,26722,0.8357789343868229,138.80378646725606
135,111,0.0013880378646725607,seed_high_count,0,6,4985,0.8671311230990267,138.80378646725606
135,111,0.0013880378646725607,seed_structure,AABC,44,34212,0.9265586175442366,138.80378646725606
135,111,0.0013880378646725607,seed_even_count,2,39,30072,0.9343314783258917,138.80378646725606
145,112,0.0014005427103002414,seed_high_count,4,1,4918,0.14518278336141288,140.05427103002415
145,112,0.0014005427103002414,seed_spread,<=2,2,4317,0.3307894040173401,140.05427103002415
145,112,0.0014005427103002414,seed_structure,AAAB,2,2934,0.4867136527412601,140.05427103002415
145,112,0.0014005427103002414,seed_high_count,0,4,4985,0.5729259206189998,140.05427103002415
145,112,0.0014005427103002414,seed_sum_range4_worst,7-10,6,6373,0.6722192956894039,140.05427103002415
145,112,0.0014005427103002414,seed_high_count,3,20,19954,0.7156549349217486,140.05427103002415
145,112,0.0014005427103002414,seed_sum_mod3,0,28,26368,0.7582012287621358,140.05427103002415
145,112,0.0014005427103002414,overlap_unique,0,21,19144,0.7832316913915587,140.05427103002415
145,112,0.0014005427103002414,seed_even_count,2,36,30072,0.8547592919849504,140.05427103002415
145,112,0.0014005427103002414,seed_even_count,1,25,19997,0.8926450574729067,140.05427103002415
146,134,0.0016756493141092173,seed_high_count,0,5,4985,0.5985793200497014,167.56493141092173
146,134,0.0016756493141092173,seed_spread,<=2,5,4317,0.6912017397377256,167.56493141092173
146,134,0.0016756493141092173,seed_sum_range4_worst,6-9,6,4795,0.7467573498513689,167.56493141092173
146,134,0.0016756493141092173,seed_high_count,4,7,4918,0.8494276280249828,167.56493141092173
146,134,0.0016756493141092173,seed_sum_mod3,0,38,26368,0.8600491550137661,167.56493141092173
146,134,0.0016756493141092173,overlap_unique,0,30,19289,0.9281718835961723,167.56493141092173
146,134,0.0016756493141092173,seed_high_count,1,31,19875,0.9308322538252135,167.56493141092173
146,134,0.0016756493141092173,seed_even_count,2,48,30072,0.9525675691772582,167.56493141092173
146,134,0.0016756493141092173,seed_even_count,3,32,20021,0.9538521865474088,167.56493141092173
146,134,0.0016756493141092173,seed_contains_core_pair,no,96,59954,0.9555863475430666,167.56493141092173
149,95,0.001187960334629669,seed_structure,AAAB,2,2934,0.5738097800739066,118.7960334629669
149,95,0.001187960334629669,seed_spread,<=2,3,4317,0.5849749460517172,118.7960334629669
149,95,0.001187960334629669,seed_sum_range4_worst,24-27,8,10139,0.6641909043246245,118.7960334629669
149,95,0.001187960334629669,grid_last5_core_digits,3,51,53126,0.8080925783192687,118.7960334629669
149,95,0.001187960334629669,seed_even_count,1,20,19997,0.8419052331533939,118.7960334629669
149,95,0.001187960334629669,seed_high_count,0,5,4985,0.8443118830174734,118.7960334629669
149,95,0.001187960334629669,seed_even_count,4,5,4945,0.8511415039114469,118.7960334629669
149,95,0.001187960334629669,seed_high_count,4,5,4918,0.8558143019199074,118.7960334629669
149,95,0.001187960334629669,seed_sum_mod2,odd,43,40018,0.9045053410175946,118.7960334629669
149,95,0.001187960334629669,seed_sum_mod3,1,29,26722,0.9135390118136445,118.7960334629669
167,115,0.0014380572471832836,seed_structure,AABB,1,2148,0.3237349202493725,143.80572471832835
167,115,0.0014380572471832836,overlap_unique,3,1,1676,0.41490609110719107,143.80572471832835
167,115,0.0014380572471832836,seed_high_count,0,4,4985,0.5579800270376346,143.80572471832835
167,115,0.0014380572471832836,seed_sum_range4_worst,25-28,8,8067,0.6896071488242491,143.80572471832835
167,115,0.0014380572471832836,seed_last_in_core,yes,27,24057,0.780451861611282,143.80572471832835
167,115,0.0014380572471832836,seed_even_count,3,24,20021,0.8335838673740398,143.80572471832835
167,115,0.0014380572471832836,seed_high_count,3,24,19954,0.8363828108998522,143.80572471832835
167,115,0.0014380572471832836,seed_spread,3-5,33,27370,0.8384225826436434,143.80572471832835
167,115,0.0014380572471832836,seed_sum_mod3,2,33,26879,0.853738088729362,143.80572471832835
167,115,0.0014380572471832836,seed_even_count,2,37,30072,0.8555851463733416,143.80572471832835
168,117,0.001463066938438645,seed_structure,AABB,1,2148,0.3182009899886995,146.3066938438645
168,117,0.001463066938438645,seed_high_count,4,4,4918,0.5559135636402818,146.3066938438645
168,117,0.001463066938438645,seed_high_count,2,30,30237,0.6781384328760061,146.3066938438645
168,117,0.001463066938438645,seed_sum_range4_worst,26-29,7,6262,0.7640482410523931,146.3066938438645
168,117,0.001463066938438645,seed_high_count,0,6,4985,0.8226628603759998,146.3066938438645
168,117,0.001463066938438645,overlap_unique,>=2,26,20279,0.8763197834651062,146.3066938438645
168,117,0.001463066938438645,seed_contains_core_pair,yes,26,20279,0.8763197834651062,146.3066938438645
168,117,0.001463066938438645,seed_first_in_core,yes,31,23997,0.8829590166007218,146.3066938438645
168,117,0.001463066938438645,overlap_unique,0,25,19313,0.8847612055295998,146.3066938438645
168,117,0.001463066938438645,seed_sum_mod3,1,36,26722,0.9208085530217107,146.3066938438645
169,136,0.0017006590053645788,overlap_unique,3,0,1643,0.0,170.0659005364579
169,136,0.0017006590053645788,seed_sum_range4_worst,8-11,7,8071,0.5099803581449925,170.0659005364579
169,136,0.0017006590053645788,seed_spread,<=2,4,4317,0.5448296066167955,170.0659005364579
169,136,0.0017006590053645788,seed_structure,AAAB,3,2934,0.601234512209792,170.0659005364579
169,136,0.0017006590053645788,seed_high_count,0,6,4985,0.7077320195881763,170.0659005364579
169,136,0.0017006590053645788,seed_last_in_core,yes,29,24015,0.7100650941200966,170.0659005364579
169,136,0.0017006590053645788,overlap_unique,>=2,25,20076,0.7322267296039755,170.0659005364579
169,136,0.0017006590053645788,seed_contains_core_pair,yes,25,20076,0.7322267296039755,170.0659005364579
169,136,0.0017006590053645788,seed_structure,AABB,3,2148,0.8212393197502464,170.0659005364579
169,136,0.0017006590053645788,seed_even_count,2,43,30072,0.8407926368871571,170.0659005364579
179,120,0.0015005814753216871,seed_spread,<=2,1,4317,0.15436838854142537,150.0581475321687
179,120,0.0015005814753216871,seed_high_count,4,3,4918,0.40651179341195604,150.0581475321687
179,120,0.0015005814753216871,overlap_unique,3,1,1630,0.4088394683026585,150.0581475321687
179,120,0.0015005814753216871,seed_structure,AAAB,2,2934,0.4542660758918428,150.0581475321687
179,120,0.0015005814753216871,seed_sum_range4_worst,8-11,6,8071,0.4954094907694214,150.0581475321687
179,120,0.0015005814753216871,seed_even_count,0,4,4934,0.5402580732333468,150.0581475321687
179,120,0.0015005814753216871,seed_high_count,1,22,19875,0.737659538784067,150.0581475321687
179,120,0.0015005814753216871,seed_even_count,3,24,20021,0.7988512062334548,150.0581475321687
179,120,0.0015005814753216871,seed_first_in_core,yes,29,24112,0.8015030551869056,150.0581475321687
179,120,0.0015005814753216871,seed_even_count,4,6,4945,0.8085844287158747,150.0581475321687
236,114,0.0014255524015556029,seed_even_count,4,4,4945,0.567427669274298,142.55524015556028
236,114,0.0014255524015556029,seed_high_count,4,4,4918,0.570542867946605,142.55524015556028
236,114,0.0014255524015556029,seed_spread,<=2,4,4317,0.6499721622796857,142.55524015556028
236,114,0.0014255524015556029,seed_structure,AABC,32,34212,0.6561276334763014,142.55524015556028
236,114,0.0014255524015556029,seed_sum_range4_worst,25-28,8,8067,0.6956563343402513,142.55524015556028
236,114,0.0014255524015556029,seed_high_count,0,5,4985,0.7035932358478946,142.55524015556028
236,114,0.0014255524015556029,seed_spread,3-5,29,27370,0.7432587222532033,142.55524015556028
236,114,0.0014255524015556029,seed_sum_mod3,1,31,26722,0.8137847519029592,142.55524015556028
236,114,0.0014255524015556029,seed_last_in_core,yes,28,23802,0.8252041329270575,142.55524015556028
236,114,0.0014255524015556029,seed_sum_mod3,2,33,26879,0.8612270193322511,142.55524015556028
238,124,0.00155060085783241,seed_sum_range4_worst,20-23,21,17919,0.7557975945518274,155.060085783241
238,124,0.00155060085783241,seed_even_count,3,24,20021,0.7730818124839886,155.060085783241
238,124,0.00155060085783241,seed_even_count,4,6,4945,0.7825010600476207,155.060085783241
238,124,0.00155060085783241,seed_high_count,4,6,4918,0.7867970195070118,155.060085783241
238,124,0.00155060085783241,seed_sum_mod3,2,33,26879,0.791773227450618,155.060085783241
238,124,0.00155060085783241,seed_sum_mod2,odd,51,40018,0.8218920437416066,155.060085783241
238,124,0.00155060085783241,seed_even_count,1,27,19997,0.8707608560638934,155.060085783241
238,124,0.00155060085783241,seed_last_in_core,yes,33,23764,0.8955593578793623,155.060085783241
238,124,0.00155060085783241,seed_structure,AABC,48,34212,0.9048211719713513,155.060085783241
238,124,0.00155060085783241,seed_spread,3-5,39,27370,0.9189455726189494,155.060085783241
239,127,0.0015881153947154521,seed_sum_range4_worst,23-26,11,12211,0.5672302693389271,158.81153947154522
239,127,0.0015881153947154521,seed_sum_mod3,2,30,26879,0.7027908389683367,158.81153947154522
239,127,0.0015881153947154521,seed_spread,3-5,36,27370,0.8282198740502706,158.81153947154522
239,127,0.0015881153947154521,seed_high_count,0,7,4985,0.8842006333962519,158.81153947154522
239,127,0.0015881153947154521,seed_high_count,2,44,30237,0.9162878352875798,158.81153947154522
239,127,0.0015881153947154521,seed_structure,ABCD,60,40580,0.9310160158023618,158.81153947154522
239,127,0.0015881153947154521,seed_even_count,3,30,20021,0.9435250467324271,158.81153947154522
239,127,0.0015881153947154521,seed_high_count,3,30,19954,0.9466931422586911,158.81153947154522
239,127,0.0015881153947154521,seed_contains_core_pair,no,91,59645,0.9606944764396697,158.81153947154522
239,127,0.0015881153947154521,seed_even_count,2,46,30072,0.9631933229016765,158.81153947154522
245,122,0.0015255911665770486,seed_sum_range4_worst,14-17,16,19649,0.5337542727323544,152.55911665770486
245,122,0.0015255911665770486,seed_structure,AABB,2,2148,0.6103199316176695,152.55911665770486
245,122,0.0015255911665770486,seed_spread,>=6,59,48282,0.8009927672193623,152.55911665770486
245,122,0.0015255911665770486,seed_high_count,1,25,19875,0.8245076812042479,152.55911665770486
245,122,0.0015255911665770486,seed_sum_mod3,2,34,26879,0.8291395744987098,152.55911665770486
245,122,0.0015255911665770486,overlap_unique,0,25,19371,0.8459599485795481,152.55911665770486
245,122,0.0015255911665770486,seed_first_in_core,yes,31,23874,0.8511347827460287,152.55911665770486
245,122,0.0015255911665770486,overlap_unique,>=2,27,20221,0.875231560113208,152.55911665770486
245,122,0.0015255911665770486,seed_contains_core_pair,yes,27,20221,0.875231560113208,152.55911665770486
245,122,0.0015255911665770486,seed_structure,ABCD,56,40580,0.904560915899781,152.55911665770486
246,125,0.0015631057034600907,overlap_unique,3,0,1601,0.0,156.31057034600906
246,125,0.0015631057034600907,seed_spread,<=2,3,4317,0.4445809589993051,156.31057034600906
246,125,0.0015631057034600907,seed_sum_range4_worst,26-29,5,6262,0.5108208240178858,156.31057034600906
246,125,0.0015631057034600907,seed_structure,AABB,2,2148,0.5956722532588454,156.31057034600906
246,125,0.0015631057034600907,seed_high_count,4,5,4918,0.6504188694591297,156.31057034600906
246,125,0.0015631057034600907,seed_structure,AAAB,3,2934,0.6541431492842537,156.31057034600906
246,125,0.0015631057034600907,seed_high_count,0,6,4985,0.7700124373119359,156.31057034600906
246,125,0.0015631057034600907,seed_even_count,1,26,19997,0.8318023703555533,156.31057034600906
246,125,0.0015631057034600907,grid_last5_core_digits,3,72,53500,0.8609746542056075,156.31057034600906
246,125,0.0015631057034600907,seed_spread,3-5,38,27370,0.8882198027036903,156.31057034600906
249,108,0.0013505233277895184,seed_sum_range4_worst,19-22,17,19368,0.6499232219621521,135.05233277895184
249,108,0.0013505233277895184,seed_sum_mod3,0,24,26368,0.6739566477885653,135.05233277895184
249,108,0.0013505233277895184,seed_even_count,4,5,4945,0.7486892858480322,135.05233277895184
249,108,0.0013505233277895184,seed_structure,AAAB,3,2934,0.7571101264864047,135.05233277895184
249,108,0.0013505233277895184,seed_structure,ABCD,43,40580,0.7846108738112189,135.05233277895184
249,108,0.0013505233277895184,overlap_unique,>=2,23,19959,0.8532709647369702,135.05233277895184
249,108,0.0013505233277895184,seed_contains_core_pair,yes,23,19959,0.8532709647369702,135.05233277895184
249,108,0.0013505233277895184,seed_high_count,3,23,19954,0.8534847742400113,135.05233277895184
249,108,0.0013505233277895184,seed_even_count,3,24,20021,0.8876124513705054,135.05233277895184
249,108,0.0013505233277895184,overlap_unique,3,2,1613,0.918107506142224,135.05233277895184
257,135,0.001688154159736898,seed_sum_range4_worst,12-15,16,16056,0.5902969237299083,168.8154159736898
257,135,0.001688154159736898,seed_high_count,0,6,4985,0.7129744789925332,168.8154159736898
257,135,0.001688154159736898,overlap_unique,0,25,19328,0.7661979549914153,168.8154159736898
257,135,0.001688154159736898,seed_structure,AAAB,4,2934,0.8075841349188316,168.8154159736898
257,135,0.001688154159736898,seed_even_count,3,29,20021,0.8580253696581552,168.8154159736898
257,135,0.001688154159736898,seed_high_count,2,44,30237,0.8619892969001677,168.8154159736898
257,135,0.001688154159736898,seed_structure,ABCD,61,40580,0.8904421079531972,168.8154159736898
257,135,0.001688154159736898,seed_sum_mod3,0,40,26368,0.898608863718087,168.8154159736898
257,135,0.001688154159736898,seed_sum_mod2,odd,61,40018,0.9029471922819916,168.8154159736898
257,135,0.001688154159736898,grid_last5_core_digits,3,84,53571,0.9288325565863786,168.8154159736898
258,110,0.0013755330190448798,seed_structure,AAAB,1,2934,0.24778149594100518,137.55330190448797
258,110,0.0013755330190448798,seed_sum_range4_worst,26-29,5,6262,0.5804782091112338,137.55330190448797
258,110,0.0013755330190448798,seed_spread,<=2,4,4317,0.6736075136353108,137.55330190448797
258,110,0.0013755330190448798,seed_even_count,0,5,4934,0.7367155544091093,137.55330190448797
258,110,0.0013755330190448798,overlap_unique,>=2,22,20258,0.7895053805903841,137.55330190448797
258,110,0.0013755330190448798,seed_contains_core_pair,yes,22,20258,0.7895053805903841,137.55330190448797
258,110,0.0013755330190448798,seed_high_count,3,23,19954,0.8379668692538293,137.55330190448797
258,110,0.0013755330190448798,seed_sum_mod3,0,31,26368,0.8546995669682259,137.55330190448797
258,110,0.0013755330190448798,seed_even_count,3,24,20021,0.871474043163769,137.55330190448797
258,110,0.0013755330190448798,seed_high_count,0,6,4985,0.8750141333090181,137.55330190448797
278,137,0.0017131638509922595,seed_even_count,3,20,20021,0.5831030702433977,171.31638509922595
278,137,0.0017131638509922595,seed_sum_range4_worst,11-14,15,14148,0.6188669725054636,171.31638509922595
278,137,0.0017131638509922595,seed_high_count,1,26,19875,0.7636024422714961,171.31638509922595
278,137,0.0017131638509922595,seed_spread,<=2,6,4317,0.8112791222615056,171.31638509922595
278,137,0.0017131638509922595,seed_structure,AABB,3,2148,0.8152448721608286,171.31638509922595
278,137,0.0017131638509922595,seed_even_count,0,7,4934,0.8281328129854222,171.31638509922595
278,137,0.0017131638509922595,overlap_unique,0,28,19025,0.8590816923563885,171.31638509922595
278,137,0.0017131638509922595,seed_sum_mod2,odd,60,40018,0.8751791620777949,171.31638509922595
278,137,0.0017131638509922595,seed_sum_mod3,0,40,26368,0.8854904861455601,171.31638509922595
278,137,0.0017131638509922595,seed_high_count,2,47,30237,0.9073195236946855,171.31638509922595
279,107,0.0013380184821618376,overlap_unique,3,0,1621,0.0,133.80184821618377
279,107,0.0013380184821618376,seed_sum_range4_worst,8-11,6,8071,0.5555994289002857,133.80184821618377
279,107,0.0013380184821618376,seed_even_count,4,4,4945,0.6045491055819624,133.80184821618377
279,107,0.0013380184821618376,seed_spread,3-5,28,27370,0.7645768100007171,133.80184821618377
279,107,0.0013380184821618376,seed_sum_mod3,1,29,26722,0.8110860385261331,133.80184821618377
279,107,0.0013380184821618376,seed_high_count,0,6,4985,0.8995472398503924,133.80184821618377
279,107,0.0013380184821618376,seed_structure,ABCD,49,40580,0.9024474558159031,133.80184821618377
279,107,0.0013380184821618376,overlap_unique,0,24,19165,0.9359234000843634,133.80184821618377
279,107,0.0013380184821618376,seed_high_count,3,25,19954,0.9363709428882692,133.80184821618377
279,107,0.0013380184821618376,seed_even_count,1,26,19997,0.9717317410695716,133.80184821618377
345,122,0.0015255911665770486,seed_even_count,4,5,4945,0.6627741218982579,152.55911665770486
345,122,0.0015255911665770486,seed_sum_range4_worst,27-30,5,4623,0.7089374935727634,152.55911665770486
345,122,0.0015255911665770486,overlap_unique,3,2,1672,0.7840712997097812,152.55911665770486
345,122,0.0015255911665770486,seed_high_count,1,24,19875,0.791527373956078,152.55911665770486
345,122,0.0015255911665770486,seed_even_count,0,6,4934,0.7971020752623151,152.55911665770486
345,122,0.0015255911665770486,seed_sum_mod3,1,35,26722,0.8585407615263901,152.55911665770486
345,122,0.0015255911665770486,seed_last_in_core,yes,32,23931,0.876498074039366,152.55911665770486
345,122,0.0015255911665770486,seed_structure,AAAB,4,2934,0.8936381820823137,152.55911665770486
345,122,0.0015255911665770486,seed_structure,AABB,3,2148,0.9154798974265043,152.55911665770486
345,122,0.0015255911665770486,seed_even_count,1,28,19997,0.9178147213885361,152.55911665770486
348,103,0.0012879990996511148,seed_even_count,0,2,4934,0.3147134407184545,128.79990996511148
348,103,0.0012879990996511148,seed_structure,AABB,1,2148,0.36145160998716347,128.79990996511148
348,103,0.0012879990996511148,overlap_unique,3,1,1568,0.4951518228650683,128.79990996511148
348,103,0.0012879990996511148,seed_sum_range4_worst,7-10,5,6373,0.6091307533755117,128.79990996511148
348,103,0.0012879990996511148,seed_sum_mod3,0,26,26368,0.7655624057404091,128.79990996511148
348,103,0.0012879990996511148,seed_high_count,4,5,4918,0.7893432881785555,128.79990996511148
348,103,0.0012879990996511148,seed_sum_mod3,1,30,26722,0.8716391642681243,128.79990996511148
348,103,0.0012879990996511148,seed_first_in_core,yes,28,24114,0.9015155358326267,128.79990996511148
348,103,0.0012879990996511148,seed_high_count,2,36,30237,0.92437510656108,128.79990996511148
348,103,0.0012879990996511148,seed_sum_mod2,even,48,39951,0.9328203748621187,128.79990996511148
357,118,0.0014755717840663257,seed_high_count,0,2,4985,0.27189704707342366,147.55717840663257
357,118,0.0014755717840663257,seed_even_count,4,5,4945,0.6852410412846396,147.55717840663257
357,118,0.0014755717840663257,seed_sum_range4_worst,16-19,23,21207,0.7350015544915214,147.55717840663257
357,118,0.0014755717840663257,seed_high_count,4,6,4918,0.8268036476175378,147.55717840663257
357,118,0.0014755717840663257,seed_sum_mod3,1,33,26722,0.8369213331489702,147.55717840663257
357,118,0.0014755717840663257,seed_high_count,3,26,19954,0.8830454112254796,147.55717840663257
357,118,0.0014755717840663257,seed_structure,AABC,45,34212,0.8914022139124541,147.55717840663257
357,118,0.0014755717840663257,seed_even_count,3,27,20021,0.9139399393348848,147.55717840663257
357,118,0.0014755717840663257,seed_structure,AAAB,4,2934,0.9239310018139175,147.55717840663257
357,118,0.0014755717840663257,seed_spread,<=2,6,4317,0.9419088114392057,147.55717840663257
359,113,0.0014130475559279221,seed_sum_range4_worst,26-29,5,6262,0.5650672832056257,141.30475559279222
359,113,0.0014130475559279221,seed_even_count,2,25,30072,0.5883298961548331,141.30475559279222
359,113,0.0014130475559279221,seed_structure,AABB,2,2148,0.6589294836934131,141.30475559279222
359,113,0.0014130475559279221,seed_even_count,4,5,4945,0.7155614413414819,141.30475559279222
359,113,0.0014130475559279221,seed_high_count,1,21,19875,0.747748205042578,141.30475559279222
359,113,0.0014130475559279221,seed_structure,ABCD,44,40580,0.7673329640565778,141.30475559279222
359,113,0.0014130475559279221,seed_sum_mod3,1,32,26722,0.847469818710247,141.30475559279222
359,113,0.0014130475559279221,seed_sum_mod2,even,49,39951,0.867983855444158,141.30475559279222
359,113,0.0014130475559279221,seed_spread,3-5,35,27370,0.9049747640495214,141.30475559279222
359,113,0.0014130475559279221,seed_even_count,1,26,19997,0.9201353654375589,141.30475559279222
378,116,0.0014505620928109643,seed_structure,AAAB,1,2934,0.23496521166819453,145.05620928109641
378,116,0.0014505620928109643,seed_even_count,0,2,4934,0.2794438309827656,145.05620928109641
378,116,0.0014505620928109643,seed_structure,AABB,1,2148,0.3209441019713607,145.05620928109641
378,116,0.0014505620928109643,overlap_unique,3,1,1657,0.41604582440222254,145.05620928109641
378,116,0.0014505620928109643,seed_spread,<=2,3,4317,0.4790743092664925,145.05620928109641
378,116,0.0014505620928109643,seed_sum_range4_worst,7-10,6,6373,0.6490393199759762,145.05620928109641
378,116,0.0014505620928109643,seed_high_count,4,6,4918,0.8410588829212884,145.05620928109641
378,116,0.0014505620928109643,seed_high_count,1,25,19875,0.8671546302320537,145.05620928109641
378,116,0.0014505620928109643,seed_sum_mod2,even,51,39951,0.8800476704652855,145.05620928109641
378,116,0.0014505620928109643,seed_sum_mod3,1,35,26722,0.9029480422949965,145.05620928109641
379,116,0.0014505620928109643,overlap_unique,3,1,1671,0.41256010235456775,145.05620928109641
379,116,0.0014505620928109643,seed_even_count,4,3,4945,0.41823332519786616,145.05620928109641
379,116,0.0014505620928109643,seed_even_count,1,19,19997,0.6550167870008087,145.05620928109641
379,116,0.0014505620928109643,seed_high_count,1,19,19875,0.6590375189763609,145.05620928109641
379,116,0.0014505620928109643,seed_sum_mod3,1,28,26722,0.7223584338359972,145.05620928109641
379,116,0.0014505620928109643,seed_spread,>=6,52,48282,0.7424748853360073,145.05620928109641
379,116,0.0014505620928109643,seed_sum_range4_worst,9-12,11,9962,0.7612193576971804,145.05620928109641
379,116,0.0014505620928109643,seed_structure,ABCD,52,40580,0.8833950816607468,145.05620928109641
379,116,0.0014505620928109643,seed_sum_mod2,odd,54,40018,0.9302550921051045,145.05620928109641
379,116,0.0014505620928109643,seed_high_count,2,42,30237,0.9575782353887051,145.05620928109641
389,124,0.00155060085783241,seed_sum_range4_worst,25-28,5,8067,0.39972188565921696,155.060085783241
389,124,0.00155060085783241,seed_even_count,3,25,20021,0.8052935546708215,155.060085783241
389,124,0.00155060085783241,seed_high_count,1,25,19875,0.8112091702170826,155.060085783241
389,124,0.00155060085783241,seed_even_count,2,39,30072,0.8363773717272096,155.060085783241
389,124,0.00155060085783241,seed_high_count,3,27,19954,0.8726373077432935,155.060085783241
389,124,0.00155060085783241,seed_spread,<=2,6,4317,0.8963325786276312,155.060085783241
389,124,0.00155060085783241,overlap_unique,0,27,19280,0.90314340449739,155.060085783241
389,124,0.00155060085783241,seed_high_count,0,7,4985,0.9055925842042257,155.060085783241
389,124,0.00155060085783241,seed_structure,ABCD,57,40580,0.9058635669883465,155.060085783241
389,124,0.00155060085783241,seed_high_count,4,7,4918,0.9179298560915138,155.060085783241
456,129,0.0016131250859708138,seed_sum_range4_worst,26-29,7,6262,0.6929739860707751,161.31250859708138
456,129,0.0016131250859708138,overlap_unique,3,2,1658,0.7477861624634143,161.31250859708138
456,129,0.0016131250859708138,seed_even_count,4,6,4945,0.7521715615961624,161.31250859708138
456,129,0.0016131250859708138,seed_high_count,4,6,4918,0.7563010109989879,161.31250859708138
456,129,0.0016131250859708138,overlap_unique,>=2,26,20059,0.8035187669243947,161.31250859708138
456,129,0.0016131250859708138,seed_contains_core_pair,yes,26,20059,0.8035187669243947,161.31250859708138
456,129,0.0016131250859708138,seed_first_in_core,yes,31,23753,0.8090496606385419,161.31250859708138
456,129,0.0016131250859708138,seed_high_count,2,41,30237,0.840576243541654,161.31250859708138
456,129,0.0016131250859708138,seed_spread,<=2,6,4317,0.8615910058126066,161.31250859708138
456,129,0.0016131250859708138,seed_structure,AABB,3,2148,0.8658026936901823,161.31250859708138
457,134,0.0016756493141092173,seed_even_count,4,2,4945,0.24136848618384318,167.56493141092173
457,134,0.0016756493141092173,seed_high_count,0,4,4985,0.47886345603976105,167.56493141092173
457,134,0.0016756493141092173,seed_even_count,0,4,4934,0.48381319991045985,167.56493141092173
457,134,0.0016756493141092173,seed_sum_range4_worst,11-14,14,14148,0.5905407230176514,167.56493141092173
457,134,0.0016756493141092173,seed_spread,3-5,33,27370,0.7195417686867089,167.56493141092173
457,134,0.0016756493141092173,seed_sum_mod3,2,34,26879,0.7548882693197209,167.56493141092173
457,134,0.0016756493141092173,seed_structure,AABC,44,34212,0.7675224369209721,167.56493141092173
457,134,0.0016756493141092173,seed_high_count,1,27,19875,0.8107248662348635,167.56493141092173
457,134,0.0016756493141092173,seed_structure,AABB,3,2148,0.8334966230301009,167.56493141092173
457,134,0.0016756493141092173,seed_last_in_core,yes,35,24103,0.8665902739548741,167.56493141092173
459,115,0.0014380572471832836,seed_spread,<=2,3,4317,0.48324017282533155,143.80572471832835
459,115,0.0014380572471832836,seed_sum_range4_worst,26-29,6,6262,0.6662880313276769,143.80572471832835
459,115,0.0014380572471832836,seed_high_count,4,5,4918,0.7069770320207931,143.80572471832835
459,115,0.0014380572471832836,seed_first_in_core,yes,26,23795,0.7598212996884621,143.80572471832835
459,115,0.0014380572471832836,overlap_unique,>=2,23,20100,0.7957114427860696,143.80572471832835
459,115,0.0014380572471832836,seed_contains_core_pair,yes,23,20100,0.7957114427860696,143.80572471832835
459,115,0.0014380572471832836,overlap_unique,3,2,1650,0.8428880105401845,143.80572471832835
459,115,0.0014380572471832836,seed_sum_mod3,0,32,26368,0.843910932883073,143.80572471832835
459,115,0.0014380572471832836,seed_even_count,0,6,4934,0.8456213320174125,143.80572471832835
459,115,0.0014380572471832836,seed_last_in_core,yes,30,24061,0.8670245734121427,143.80572471832835
489,113,0.0014130475559279221,seed_sum_range4_worst,25-28,6,8067,0.5263594388149688,141.30475559279222
489,113,0.0014130475559279221,seed_high_count,4,4,4918,0.575591919875336,141.30475559279222
489,113,0.0014130475559279221,seed_structure,AABC,31,34212,0.6412486329383986,141.30475559279222
489,113,0.0014130475559279221,seed_sum_mod3,2,30,26879,0.7898622703449447,141.30475559279222
489,113,0.0014130475559279221,seed_spread,<=2,5,4317,0.8196551603969489,141.30475559279222
489,113,0.0014130475559279221,seed_high_count,1,24,19875,0.8545693771915178,141.30475559279222
489,113,0.0014130475559279221,seed_even_count,4,6,4945,0.8586737296097783,141.30475559279222
489,113,0.0014130475559279221,seed_even_count,3,25,20021,0.8836849626476271,141.30475559279222
489,113,0.0014130475559279221,seed_sum_mod2,odd,51,40018,0.901899233840347,141.30475559279222
489,113,0.0014130475559279221,seed_even_count,1,26,19997,0.9201353654375589,141.30475559279222
567,135,0.001688154159736898,seed_sum_range4_worst,27-30,5,4623,0.6406694386361269,168.8154159736898
567,135,0.001688154159736898,seed_spread,<=2,5,4317,0.6860817268507795,168.8154159736898
567,135,0.001688154159736898,seed_even_count,0,6,4934,0.7203440976444625,168.8154159736898
567,135,0.001688154159736898,overlap_unique,>=2,27,20171,0.792910614248178,168.8154159736898
567,135,0.001688154159736898,seed_contains_core_pair,yes,27,20171,0.792910614248178,168.8154159736898
567,135,0.001688154159736898,seed_even_count,1,27,19997,0.7998099714957243,168.8154159736898
567,135,0.001688154159736898,seed_high_count,3,27,19954,0.8015335271123585,168.8154159736898
567,135,0.001688154159736898,seed_structure,AAAB,4,2934,0.8075841349188316,168.8154159736898
567,135,0.001688154159736898,seed_sum_mod3,1,38,26722,0.8423693059124538,168.8154159736898
567,135,0.001688154159736898,seed_high_count,4,7,4918,0.8431355715210941,168.8154159736898
579,120,0.0015005814753216871,overlap_unique,3,1,1641,0.4060989234206785,150.0581475321687
579,120,0.0015005814753216871,seed_structure,AAAB,2,2934,0.4542660758918428,150.0581475321687
579,120,0.0015005814753216871,seed_sum_range4_worst,25-28,7,8067,0.5782643279203339,150.0581475321687
579,120,0.0015005814753216871,seed_spread,<=2,4,4317,0.6174735541657015,150.0581475321687
579,120,0.0015005814753216871,overlap_unique,>=2,23,20174,0.7597596741680711,150.0581475321687
579,120,0.0015005814753216871,seed_contains_core_pair,yes,23,20174,0.7597596741680711,150.0581475321687
579,120,0.0015005814753216871,seed_even_count,1,24,19997,0.7998099714957244,150.0581475321687
579,120,0.0015005814753216871,seed_sum_mod3,0,34,26368,0.8592947259304208,150.0581475321687
579,120,0.0015005814753216871,seed_high_count,3,26,19954,0.868327987705055,150.0581475321687
579,120,0.0015005814753216871,seed_sum_mod3,1,37,26722,0.9227269041738393,150.0581475321687
589,130,0.0016256299315984945,seed_spread,<=2,4,4317,0.5699755884606474,162.56299315984944
589,130,0.0016256299315984945,seed_even_count,4,5,4945,0.6219880220891343,162.56299315984944
589,130,0.0016256299315984945,seed_structure,AAAB,3,2934,0.6289837973887054,162.56299315984944
589,130,0.0016256299315984945,seed_sum_range4_worst,25-28,9,8067,0.686291729839517,162.56299315984944
589,130,0.0016256299315984945,overlap_unique,3,2,1673,0.7353809370545771,162.56299315984944
589,130,0.0016256299315984945,seed_high_count,4,6,4918,0.7504833109143804,162.56299315984944
589,130,0.0016256299315984945,seed_even_count,1,27,19997,0.8305718934763291,162.56299315984944
589,130,0.0016256299315984945,seed_structure,AABB,3,2148,0.8591426729694887,162.56299315984944
589,130,0.0016256299315984945,seed_high_count,3,28,19954,0.8631899522748475,162.56299315984944
589,130,0.0016256299315984945,seed_sum_mod3,1,38,26722,0.8747681253706251,162.56299315984944
679,143,0.0017881929247583438,overlap_unique,3,1,1565,0.35733148640496887,178.81929247583437
679,143,0.0017881929247583438,seed_sum_range4_worst,8-11,8,8071,0.5543043253364156,178.81929247583437
679,143,0.0017881929247583438,seed_even_count,4,6,4945,0.6785323877336011,178.81929247583437
679,143,0.0017881929247583438,seed_even_count,0,6,4934,0.6800451271468703,178.81929247583437
679,143,0.0017881929247583438,seed_structure,AABB,3,2148,0.781038793608626,178.81929247583437
679,143,0.0017881929247583438,seed_high_count,4,7,4918,0.7959671479394944,178.81929247583437
679,143,0.0017881929247583438,overlap_unique,>=2,30,20114,0.8340814003536486,178.81929247583437
679,143,0.0017881929247583438,seed_contains_core_pair,yes,30,20114,0.8340814003536486,178.81929247583437
679,143,0.0017881929247583438,seed_sum_mod3,0,42,26368,0.8907538911331387,178.81929247583437
679,143,0.0017881929247583438,seed_spread,>=6,78,48282,0.903430979359897,178.81929247583437
689,117,0.001463066938438645,overlap_unique,3,0,1626,0.0,146.3066938438645
689,117,0.001463066938438645,seed_first_in_core,yes,28,23870,0.8017545178835501,146.3066938438645
689,117,0.001463066938438645,seed_sum_range4_worst,16-19,25,21207,0.8057430641954619,146.3066938438645
689,117,0.001463066938438645,seed_sum_mod3,2,35,26879,0.8900015040496456,146.3066938438645
689,117,0.001463066938438645,seed_high_count,3,26,19954,0.8905928079026205,146.3066938438645
689,117,0.001463066938438645,seed_high_count,2,41,30237,0.9267891915972083,146.3066938438645
689,117,0.001463066938438645,seed_even_count,2,41,30072,0.9318743278240484,146.3066938438645
689,117,0.001463066938438645,seed_structure,AABC,47,34212,0.9389775267537456,146.3066938438645
689,117,0.001463066938438645,seed_structure,ABCD,56,40580,0.9432173652972075,146.3066938438645
689,117,0.001463066938438645,seed_spread,3-5,38,27370,0.9489527806663357,146.3066938438645
789,138,0.0017256686966199402,overlap_unique,3,0,1640,0.0,172.56686966199402
789,138,0.0017256686966199402,seed_spread,<=2,4,4317,0.5369335253614795,172.56686966199402
789,138,0.0017256686966199402,seed_sum_range4_worst,6-9,5,4795,0.604260174396639,172.56686966199402
789,138,0.0017256686966199402,seed_even_count,0,6,4934,0.7046844433478437,172.56686966199402
789,138,0.0017256686966199402,seed_sum_mod3,0,34,26368,0.7472128051568876,172.56686966199402
789,138,0.0017256686966199402,seed_high_count,0,7,4985,0.8137208727632173,172.56686966199402
789,138,0.0017256686966199402,seed_high_count,2,44,30237,0.8432503991414684,172.56686966199402
789,138,0.0017256686966199402,overlap_unique,0,29,19056,0.8818786581730126,172.56686966199402
789,138,0.0017256686966199402,seed_even_count,3,32,20021,0.9262042970822666,172.56686966199402
789,138,0.0017256686966199402,seed_sum_mod2,odd,65,40018,0.9412403910993676,172.56686966199402
